"Date/Time","City","State","Country","Shape","Duration","Summary","Posted","Image","URL","ID"
"5/12/22 22:16","Gulfport","MS","USA","Circle","Just about 10 seconds","saw 2 very huge Florissant ((sic.  Fluorescent)) green circles that seemed attached that were vertical,moving south to north in the sky","5/31/22","","https://www.nuforc.org/webreports/reports/167/S167869.html","1X2022.06.05.10.29.06"
"5/12/22 06:30","Whittlesey","Cambridgeshire","United Kingdom","Light","10-15 mins","A moving orb which went into the sky and then towards us . It never followed a straight path and moved in several directions .","5/31/22","Yes","https://www.nuforc.org/webreports/reports/167/S167813.html","2X2022.06.05.10.29.06"
"5/12/22 04:00","Windham","ME","USA","Circle","about 4 minutes","Formation of about 50 of more ufo's moving to the north east.  ((NUFOC Note:  Prbably Starlink satellites.  P))","5/31/22","","https://www.nuforc.org/webreports/reports/167/S167831.html","3X2022.06.05.10.29.06"
"5/12/22 00:38","Liverpool","United Kingdom","United Kingdom","Unknown","4 seconds","Bright ++ white light flying in a downwards direction then disappeared after approx 4 seconds.","5/31/22","","https://www.nuforc.org/webreports/reports/167/S167838.html","4X2022.06.05.10.29.06"
"5/12/22 00:01","Gordonsville","WV","USA","Unknown","15 minutes","AC reported numerous slow moving lights west to east above flight level 390","5/31/22","","https://www.nuforc.org/webreports/reports/167/S167829.html","5X2022.06.05.10.29.06"
"5/11/22 23:21","Valleystream","NY","USA","Circle","About 4-5 mins","Bright reddish orange color light that seemed to be circular moving with no real flight path","5/31/22","","https://www.nuforc.org/webreports/reports/167/S167872.html","6X2022.06.05.10.29.06"
"5/11/22 23:17","Amarillo","TX","USA","Light","12:45","Jolting dot of light in the sky","5/31/22","","https://www.nuforc.org/webreports/reports/167/S167870.html","7X2022.06.05.10.29.06"
"5/11/22 22:45","Comfort","TX","USA","Unknown","1 second","Looking out the window over the hay field a bright light shot across the eastern sky from south to north relatively low on the horizon.","5/31/22","","https://www.nuforc.org/webreports/reports/167/S167828.html","8X2022.06.05.10.29.06"
"5/11/22 22:25","Nampa","ID","USA","Light","10 minutes","Flashing aircraft flying","5/31/22","","https://www.nuforc.org/webreports/reports/167/S167833.html","9X2022.06.05.10.29.06"
"5/11/22 22:15","Patrick Springs","VA","USA","Fireball","Maybe 30 secs","Green ball of light with no tail dropping out of sky.","5/31/22","","https://www.nuforc.org/webreports/reports/167/S167835.html","10X2022.06.05.10.29.06"
"5/11/22 20:45","Morristown","TN","USA","Circle","20 minutes","We thought it was a planet, but no planets were able to be seen via Google sky at that time. We brought out a rudimentary telescope and","5/31/22","Yes","https://www.nuforc.org/webreports/reports/167/S167836.html","11X2022.06.05.10.29.06"
"5/11/22 14:45","Loxahatchee","FL","USA","Cylinder","40 minutes then I left","Cloudy, windy, yet bright day. Never moved, quiet not floating.","5/31/22","Yes","https://www.nuforc.org/webreports/reports/167/S167830.html","12X2022.06.05.10.29.06"
"5/11/22 13:12","Wilsonville","OR","USA","Disk","Took photo over contrail","Did not see by eye. Saw in photo taken.","5/31/22","Yes","https://www.nuforc.org/webreports/reports/167/S167842.html","13X2022.06.05.10.29.06"
"5/11/22 12:20","Jacksonville","FL","USA","Disk","10 seconds","Disk , dark , 10 seconds","5/31/22","","https://www.nuforc.org/webreports/reports/167/S167832.html","14X2022.06.05.10.29.06"
"5/11/22 09:00","Miami","FL","USA","Rectangle","3 hours","Very high in the sky. Moved kinda slowly in unorganized pattern but overall heading west.","5/31/22","","https://www.nuforc.org/webreports/reports/167/S167811.html","15X2022.06.05.10.29.06"
"5/11/22 04:48","Florence","CO","USA","Light","4 TO 5 MIN","I OBSERVED APPROX. 60 LIGHTS IN THE SKY MOVING FROM WEST TO EAST AT 4:48 A.M. ON 5-11-22 ALL IN A SINGLE ROWE. ((Starlink satellites))","5/31/22","","https://www.nuforc.org/webreports/reports/167/S167844.html","16X2022.06.05.10.29.06"
"5/11/22 03:47","Amman","Amman Governorate","Jordan","Triangle","Less than a minute","Triangular-shaped UFO sighted flying over Amman, Jordan","5/31/22","","https://www.nuforc.org/webreports/reports/167/S167845.html","17X2022.06.05.10.29.06"
"5/10/22 22:30","Pangburn","AR","USA","Circle","One to two Minutes","The night sky was overcast and the Red ""star"" I saw was the only light in the sky. It stayed motionless and then flickered out.","5/31/22","","https://www.nuforc.org/webreports/reports/167/S167868.html","18X2022.06.05.10.29.06"
"5/10/22 18:17","Middletown","RI","USA","Cigar","5-10 Seconds","Bright Tic Tac Shaped UAP / UFO over Newport RI","5/31/22","","https://www.nuforc.org/webreports/reports/167/S167846.html","19X2022.06.05.10.29.06"
"5/10/22 18:10","Athens","GA","USA","Disk","20 seconds","Very shinny bright light.","5/31/22","","https://www.nuforc.org/webreports/reports/167/S167849.html","20X2022.06.05.10.29.06"
"5/10/22 07:10","Coral Gables","FL","USA","Other","5 minutes","The craft was stationary. In a few minutes it disappeared.","5/31/22","Yes","https://www.nuforc.org/webreports/reports/167/S167809.html","21X2022.06.05.10.29.06"
"5/10/22 06:44","Charlotte","NC","USA","Light","35 seconds","Light in the sky","5/31/22","","https://www.nuforc.org/webreports/reports/167/S167847.html","22X2022.06.05.10.29.06"
"5/9/22 23:00","","","USA","Changing","3hours","Some were white. Others were very high in air.they hovering some were going dark and they were all not making any sound","5/31/22","","https://www.nuforc.org/webreports/reports/167/S167848.html","23X2022.06.05.10.29.06"
"5/9/22 22:25","Nampa","ID","USA","Light","10 minutes","I saw 3 aircraft flying in different directions","5/31/22","","https://www.nuforc.org/webreports/reports/167/S167769.html","24X2022.06.05.10.29.06"
"5/9/22 21:48","Scarsdale","NY","USA","Oval","One minute","I looked up at the night sky from my driveway. Object moving across the sky at a high speed was solid white","5/31/22","","https://www.nuforc.org/webreports/reports/167/S167772.html","25X2022.06.05.10.29.06"
"5/9/22 20:35","New York","NY","USA","Unknown","5 minutes","3 airborne objects lit with orange lights seen over Manhattan","5/31/22","","https://www.nuforc.org/webreports/reports/167/S167850.html","26X2022.06.05.10.29.06"
"5/9/22 17:10","Grayson","","","","Spam","((HOAX))  11111","5/31/22","","https://www.nuforc.org/webreports/reports/167/S167686.html","27X2022.06.05.10.29.06"
"5/9/22 14:06","Boca Raton","FL","USA","Other","15-20 mins","Object about 10k feet high did not move as it hovered.","5/31/22","","https://www.nuforc.org/webreports/reports/167/S167771.html","28X2022.06.05.10.29.06"
"5/9/22 12:00","Ragged point","CA","USA","Egg","4 seconds","The object moved very fast east to west going over the ocean in just a few seconds at an estimated altitude of 5000 ft","5/31/22","","https://www.nuforc.org/webreports/reports/167/S167810.html","29X2022.06.05.10.29.06"
"5/8/22 23:30","Hailey","ID","USA","Sphere","Seconds","A bright round light","5/31/22","","https://www.nuforc.org/webreports/reports/167/S167784.html","30X2022.06.05.10.29.06"
"5/8/22 22:30","Fort Lauderdale","FL","USA","Unknown","15 seconds","Two glowing orange lights moved rapidly across the sky keeping a constant distance between them and then climbed rapidly out of sight","5/31/22","","https://www.nuforc.org/webreports/reports/167/S167787.html","31X2022.06.05.10.29.06"
"5/8/22 21:42","Mansfield","","","Oval","","I seen an UFO hovering. It looked to be an oval shape and/or cigar shape.","5/31/22","","https://www.nuforc.org/webreports/reports/167/S167789.html","32X2022.06.05.10.29.06"
"5/8/22 21:20","Tulum","Yucatán","Mexico","Star","5 seconds","Small dot of light, looked like a satellite, moving in straight line. Then, sudden change of direction, significant change of speed.","5/31/22","","https://www.nuforc.org/webreports/reports/167/S167788.html","33X2022.06.05.10.29.06"
"5/8/22 20:45","Chisholm","MN","USA","","A few minutes","Lights","5/31/22","Yes","https://www.nuforc.org/webreports/reports/167/S167773.html","34X2022.06.05.10.29.06"
"5/8/22 20:40","La Vergne","TN","USA","Fireball","20 seconds or so","Large bright orange light resembling a flickering flame flew steadily across the sky","5/31/22","","https://www.nuforc.org/webreports/reports/167/S167791.html","35X2022.06.05.10.29.06"
"5/8/22 19:48","naples","FL","USA","Sphere","45 minutes","did not move and faded as sun set on it.","5/31/22","","https://www.nuforc.org/webreports/reports/167/S167792.html","36X2022.06.05.10.29.06"
"5/8/22 19:30","Gatlinburg","TN","USA","Unknown","10 minutes","Large bright orange glowing light that moved across the mountains. The sky appeared completely clouded during this glow","5/31/22","Yes","https://www.nuforc.org/webreports/reports/167/S167790.html","37X2022.06.05.10.29.06"
"5/8/22 19:30","Orlando","FL","USA","Circle","2 minutes roughly","Craft was emerald green flickering straight high above all other flying aircraft & silent & at times & disappearing at other times","5/31/22","","https://www.nuforc.org/webreports/reports/167/S167780.html","38X2022.06.05.10.29.06"
"5/8/22 17:51","menasha","WI","USA","Unknown","","we noticed it in a photo and we cant figure out what it might be","5/31/22","Yes","https://www.nuforc.org/webreports/reports/167/S167775.html","39X2022.06.05.10.29.06"
"5/8/22 15:30","Bessemer","MI","USA","Rectangle","5-7 seconds","Bright shiny reflective rectangle coming from the moon","5/31/22","","https://www.nuforc.org/webreports/reports/167/S167800.html","40X2022.06.05.10.29.06"
"5/8/22 14:00","","Kent","United Kingdom","Circle","30 seconds","I have video of the craft and I don’t know how to share this with the correct agency","5/31/22","","https://www.nuforc.org/webreports/reports/167/S167776.html","41X2022.06.05.10.29.06"
"5/8/22 05:15","LAKEWOOD","OH","USA","Circle","Longer than an hour","Seen 2 objects circular with lights Lakewood ohio","5/31/22","Yes","https://www.nuforc.org/webreports/reports/167/S167797.html","42X2022.06.05.10.29.06"
"5/8/22 04:30","Monroe","MI","USA","Light","Approximately 6 seconds.","Very fast moving light, high up","5/31/22","","https://www.nuforc.org/webreports/reports/167/S167798.html","43X2022.06.05.10.29.06"
"5/8/22 04:06","Miami","FL","USA","Light","1 minute","UFO made several looping maneuvers in the sky at incredible speed and precision before disappearing.","5/31/22","","https://www.nuforc.org/webreports/reports/167/S167795.html","44X2022.06.05.10.29.06"
"5/7/22 21:35","Eagle river","WI","USA","Light","20min","Observed light that didn’t cast any light “hover” for 20min","5/31/22","","https://www.nuforc.org/webreports/reports/167/S167802.html","45X2022.06.05.10.29.06"
"5/7/22 21:30","Rockford","IL","USA","Diamond","","Orange lights flashing on them and the was moving slow","5/31/22","","https://www.nuforc.org/webreports/reports/167/S167796.html","46X2022.06.05.10.29.06"
"5/7/22 20:15","Cranleigh","Surrey","United Kingdom","Circle","2 seconds","There for to 2 seconds moved 2 inches then dissappeared","5/31/22","","https://www.nuforc.org/webreports/reports/167/S167804.html","47X2022.06.05.10.29.06"
"5/7/22 19:47","Buffalo","NY","USA","","","MADAR Node 163","5/31/22","","https://www.nuforc.org/webreports/reports/167/S167858.html","48X2022.06.05.10.29.06"
"5/7/22 13:25","Saint Peters","MO","USA","Changing","7 minutes or more","Drone swarm or something else","5/31/22","Yes","https://www.nuforc.org/webreports/reports/167/S167803.html","49X2022.06.05.10.29.06"
"5/7/22 13:14","Irmo","SC","USA","","","MADAR Node 95","5/31/22","","https://www.nuforc.org/webreports/reports/167/S167859.html","50X2022.06.05.10.29.06"
"5/7/22 11:38","Dothan","AL","USA","","","MADAR Node 195","5/31/22","","https://www.nuforc.org/webreports/reports/167/S167853.html","51X2022.06.05.10.29.06"
"5/7/22 06:37","Elizabeth","CO","USA","","","MADAR Node 34","5/31/22","","https://www.nuforc.org/webreports/reports/167/S167866.html","52X2022.06.05.10.29.06"
"5/7/22 03:13","Fountain Hills","AZ","USA","Light","Around 3-5 minutez","2 crafts that could independently move directions. One then started heading south west and vanished so we kept watching the one as it..","5/31/22","","https://www.nuforc.org/webreports/reports/167/S167807.html","53X2022.06.05.10.29.06"
"5/7/22 02:40","Edmonds","WA","USA","","","MADAR Node 61","5/31/22","","https://www.nuforc.org/webreports/reports/167/S167865.html","54X2022.06.05.10.29.06"
"5/6/22 22:30","Fife Lake","MI","USA","Circle","2-3 minutes","small white dots similar to lights seen by airplanes but evenly spaced moving linearly across the sky","5/31/22","","https://www.nuforc.org/webreports/reports/167/S167801.html","55X2022.06.05.10.29.06"
"5/6/22 17:44","Ottawa","ON","Canada","Cylinder","Less than a minute","Moments after a CE 5 type meditation, a cylinder and sphere appeared.","5/31/22","Yes","https://www.nuforc.org/webreports/reports/167/S167782.html","56X2022.06.05.10.29.06"
"5/6/22 16:54","","","","","Caleb","((HOAX))  888888888888","5/31/22","","https://www.nuforc.org/webreports/reports/167/S167687.html","57X2022.06.05.10.29.06"
"5/6/22 06:41","Youngstown","OH","USA","","","MADAR Node 73","5/31/22","","https://www.nuforc.org/webreports/reports/167/S167861.html","58X2022.06.05.10.29.06"
"5/6/22 06:01","Orlando","FL","USA","Cone","5 minutes","Not sure. Looks like something machanically controlled decent","5/31/22","Yes","https://www.nuforc.org/webreports/reports/167/S167764.html","59X2022.06.05.10.29.06"
"5/6/22 05:48","Port St. Lucie","FL","USA","Other","1 min video","Bright orange disc","5/31/22","","https://www.nuforc.org/webreports/reports/167/S167765.html","60X2022.06.05.10.29.06"
"5/6/22 05:47","Lehigh Acres","FL","USA","Light","Approximately 30 minutes","Early morning, still dark, waiting at bus stop","5/31/22","Yes","https://www.nuforc.org/webreports/reports/167/S167757.html","61X2022.06.05.10.29.06"
"5/6/22 05:46","Sarasota","FL","USA","Unknown","","Hovering in one spot","5/31/22","Yes","https://www.nuforc.org/webreports/reports/167/S167759.html","62X2022.06.05.10.29.06"
"5/6/22 05:45","Ft Myers","FL","USA","Light","10","See notes, bright swath of light, spilling out of dark sky, another bright spot coming down to land from it","5/31/22","Yes","https://www.nuforc.org/webreports/reports/167/S167761.html","63X2022.06.05.10.29.06"
"5/6/22 05:30","Tampa","FL","USA","Changing","10minutes","Strang lights  ((NUFORC Note","5/31/22","Yes","https://www.nuforc.org/webreports/reports/167/S167762.html","64X2022.06.05.10.29.06"
"5/6/22 05:30","","FL","USA","Cylinder","1 hour or more","Happened over Lake County Florida","5/31/22","Yes","https://www.nuforc.org/webreports/reports/167/S167760.html","65X2022.06.05.10.29.06"
"5/6/22 05:30","Tampa","FL","USA","Light","Captured in photo","Spotted while taking photos of space x launch","5/31/22","Yes","https://www.nuforc.org/webreports/reports/167/S167754.html","66X2022.06.05.10.29.06"
"5/6/22 05:00","okeechobee","FL","USA","Circle","10 minutes","large round ball with light on in side . it seemed to get bigger and then smaller as if moving back and forth .","5/31/22","","https://www.nuforc.org/webreports/reports/167/S167763.html","67X2022.06.05.10.29.06"
"5/6/22 04:34","Syracuse","NY","USA","","","MADAR Node 164","5/31/22","","https://www.nuforc.org/webreports/reports/167/S167857.html","68X2022.06.05.10.29.06"
"5/6/22 04:00","Moultrie","GA","USA","Teardrop","20 seconds","I caught this on my security camera. Time was actually about 9:59pm","5/31/22","","https://www.nuforc.org/webreports/reports/167/S167808.html","69X2022.06.05.10.29.06"
"5/6/22 03:40","Fort Myers","FL","USA","Sphere","30 mins","A single ship covered in a cloud like fog created a spotlight in the dead of night. The spotlight guided a small bright light/orb down","5/31/22","","https://www.nuforc.org/webreports/reports/167/S167781.html","70X2022.06.05.10.29.06"
"5/5/22 23:52","Eagle river","WI","USA","Light","11-12min","Saw oblong light bobbing 30yds have video","5/31/22","","https://www.nuforc.org/webreports/reports/167/S167767.html","71X2022.06.05.10.29.06"
"5/5/22 21:55","Norristown","PA","USA","Sphere","1 minute","Watched an orange orb travel sw to ne in a straight line.","5/31/22","","https://www.nuforc.org/webreports/reports/167/S167752.html","72X2022.06.05.10.29.06"
"5/5/22 20:15","LEWES","DE","USA","Light","Approx. 3-5 mins","Daughter noticed these lights and they were seemingly floating past. She took the attached photo with her cell","5/31/22","Yes","https://www.nuforc.org/webreports/reports/167/S167753.html","73X2022.06.05.10.29.06"
"5/5/22 07:14","Portland","OR","USA","","","MADAR Node 66","5/31/22","","https://www.nuforc.org/webreports/reports/167/S167863.html","74X2022.06.05.10.29.06"
"5/5/22 04:50","Port Murray","NJ","USA","Circle","15-20 minutes","7 orbs hovering in sky","5/31/22","","https://www.nuforc.org/webreports/reports/167/S167747.html","75X2022.06.05.10.29.06"
"5/5/22 02:37","Youngstown","OH","USA","","","MADAR Node 73","5/31/22","","https://www.nuforc.org/webreports/reports/167/S167862.html","76X2022.06.05.10.29.06"
"5/4/22 22:00","Beaufort","SC","USA","Light","15 to 30 seconds","Noticed two (2) flashing white strobe lights in the sky traveling from North to South at a high rate of speed.","5/31/22","","https://www.nuforc.org/webreports/reports/167/S167749.html","77X2022.06.05.10.29.06"
"5/4/22 21:43","westlake village","CA","USA","Circle","2 min","several large lights moving quickly disappearing and reappearing and chaining color from white to blue","5/31/22","","https://www.nuforc.org/webreports/reports/167/S167745.html","78X2022.06.05.10.29.06"
"5/4/22 17:30","Roseville","MI","USA","Cone","3-5min","Ship seen hovering above highway","5/31/22","","https://www.nuforc.org/webreports/reports/167/S167750.html","79X2022.06.05.10.29.06"
"5/4/22 05:47","Corpus Christi","TX","USA","","Hours","I SAW SYMBOLS LETTERS IN A REPEAT PATTERN","5/31/22","Yes","https://www.nuforc.org/webreports/reports/167/S167746.html","80X2022.06.05.10.29.06"
"5/4/22 02:12","Dothan","AL","USA","","","MADAR Node 195","5/31/22","","https://www.nuforc.org/webreports/reports/167/S167854.html","81X2022.06.05.10.29.06"
"5/3/22 21:59","Polk City","IA","USA","Cylinder","2 minutes","White light","5/31/22","","https://www.nuforc.org/webreports/reports/167/S167738.html","82X2022.06.05.10.29.06"
"5/3/22 21:30","Fairmont","MN","USA","Light","1-2 minutes","I saw an orange one that I typically see then noticed the more brilliant one 30° above horizon which spawned a smaller one made dogs ho","5/31/22","Yes","https://www.nuforc.org/webreports/reports/167/S167744.html","83X2022.06.05.10.29.06"
"5/3/22 20:37","columbia","NJ","USA","Cigar","for about 10 seconds","seen with eyes and caught on security cameras","5/31/22","Yes","https://www.nuforc.org/webreports/reports/167/S167751.html","84X2022.06.05.10.29.06"
"5/3/22 15:53","Renton","PA","USA","Light","1 min","Observed an orb for a minute while it rotated and changed shape and then disappeared","5/31/22","Yes","https://www.nuforc.org/webreports/reports/167/S167734.html","85X2022.06.05.10.29.06"
"5/3/22 06:45","Hollywood","AZ","USA","Other","2 minutes","A green orb, I was videoing the sunrise and after looking at video realized I had accidentally filmed a strange UFO.","5/31/22","","https://www.nuforc.org/webreports/reports/167/S167725.html","86X2022.06.05.10.29.06"
"5/3/22 05:04","Midwest City","OK","USA","","","MADAR Node 172","5/31/22","","https://www.nuforc.org/webreports/reports/167/S167856.html","87X2022.06.05.10.29.06"
"5/3/22 04:23","Grand Junction","CO","USA","","","MADAR Node 75","5/31/22","","https://www.nuforc.org/webreports/reports/167/S167860.html","88X2022.06.05.10.29.06"
"5/2/22 19:00","East London","Eastern Cape","South Africa","Changing","It was for around an hour","UFO","5/31/22","Yes","https://www.nuforc.org/webreports/reports/167/S167728.html","89X2022.06.05.10.29.06"
"5/2/22 16:03","Cumming","GA","USA","Fireball","45 to 120 seconds","I was walking to my home coming back from the poll looked up clear blue sky two white balls of light beaming white light no other color","5/31/22","","https://www.nuforc.org/webreports/reports/167/S167731.html","90X2022.06.05.10.29.06"
"5/2/22 14:36","Portage","IN","USA","","","MADAR Node 178","5/31/22","","https://www.nuforc.org/webreports/reports/167/S167855.html","91X2022.06.05.10.29.06"
"5/2/22 04:23","Redding","CA","USA","Sphere","1 hour +","Mass Sighting of Hundreds (Maybe Thousands) of Unidentified Lights in the Sky for Approximately One Hour in Northern California","5/31/22","Yes","https://www.nuforc.org/webreports/reports/167/S167729.html","92X2022.06.05.10.29.06"
"5/2/22 01:30","north of greensboro and raleigh nc 40 -50 miles","NC","USA","Light","20min","Saw 2 very high aircraft flying circular patterns.  ((NUFORC Note. Sighting report from airline captain.  PD))","5/31/22","","https://www.nuforc.org/webreports/reports/167/S167839.html","93X2022.06.05.10.29.06"
"5/2/22 01:00","Harvest","AL","USA","Unknown","I saw it for approx 5 min","Driving on a country rd I looked above the tree line and saw 1 bright red floodlights. I asked my bf he sees it. He said what the heck.","5/31/22","","https://www.nuforc.org/webreports/reports/167/S167723.html","94X2022.06.05.10.29.06"
"5/2/22 01:00","West Tisbury","MA","USA","Circle","30 minutes","A UFO was flying above my chicken coop","5/31/22","","https://www.nuforc.org/webreports/reports/167/S167778.html","95X2022.06.05.10.29.06"
"5/1/22 22:57","Bradenton","FL","USA","Changing","Until 5:31 AM on 5/2/2022","A strange entity emitting varying degrees of bright white light appeared in RING security videos for over 8 hours.","5/31/22","","https://www.nuforc.org/webreports/reports/167/S167741.html","96X2022.06.05.10.29.06"
"5/1/22 20:38","Shawnee","KS","USA","Diamond","4-5 minutes","we seen it coming from the distance, it approached us hovered for a couple min, then flew away like straight up and away","5/31/22","","https://www.nuforc.org/webreports/reports/167/S167692.html","97X2022.06.05.10.29.06"
"5/1/22 18:50","Hathorne","MA","USA","Cylinder","","Huge white cylinder moving slowly towards the East, Boston","5/31/22","","https://www.nuforc.org/webreports/reports/167/S167691.html","98X2022.06.05.10.29.06"
"5/1/22 14:51","Imperial","MO","USA","","","MADAR Node 25","5/31/22","","https://www.nuforc.org/webreports/reports/167/S167867.html","99X2022.06.05.10.29.06"
"5/1/22 14:43","Weatogue","CT","USA","Unknown","3 minutes","((HOAX??))  Looked to be changing attitude","5/31/22","","https://www.nuforc.org/webreports/reports/167/S167688.html","100X2022.06.05.10.29.06"
"5/1/22 12:00","Victoria","TX","USA","Disk","About 10 to 15 seconds","I was replacing old trimming up on a home that was rotten....","5/31/22","","https://www.nuforc.org/webreports/reports/167/S167726.html","101X2022.06.05.10.29.06"
"5/1/22 06:47","Garrettsville","OH","USA","","","MADAR Node 64","5/31/22","","https://www.nuforc.org/webreports/reports/167/S167864.html","102X2022.06.05.10.29.06"
"5/1/22 06:00","Monroe","GA","USA","Light","6:35","Two lights shaped like dots flying above us and and fast as hell","5/31/22","","https://www.nuforc.org/webreports/reports/167/S167704.html","103X2022.06.05.10.29.06"
"5/1/22 04:41","Cochrane","ON","Canada","Circle","3-2 seconds","2 red dots with a white blur glow surrounding","5/31/22","Yes","https://www.nuforc.org/webreports/reports/167/S167705.html","104X2022.06.05.10.29.06"
"5/1/22 04:25","Roseville","CA","USA","Sphere","1-2 hrs","Two golden orbs movin slowly; one a bit bigger.  ((NUFORC Note: Conjunction of Venus an Jupiter.  PD))","5/31/22","Yes","https://www.nuforc.org/webreports/reports/167/S167701.html","105X2022.06.05.10.29.06"
"5/1/22 04:00","San Miguel","CA","USA","Sphere","4-6 seconds","Object observed flying southwest to northeast over the sky, resembling a shooting star, then making unreasonable movements.","5/31/22","Yes","https://www.nuforc.org/webreports/reports/167/S167768.html","106X2022.06.05.10.29.06"
"5/1/22 02:37","Los Angeles","CA","USA","","5 minutes","2 objects, off flight path, rotating, most likely S shape, white lights","5/31/22","Yes","https://www.nuforc.org/webreports/reports/167/S167703.html","107X2022.06.05.10.29.06"
"4/30/22 22:40","Quapaw","OK","USA","Disk","1 minute","Motorized disco ball moving with ZERO sound across sky.","5/31/22","Yes","https://www.nuforc.org/webreports/reports/167/S167707.html","108X2022.06.05.10.29.06"
"4/30/22 22:30","Witnica","","Poland","Formation","1min","oblong, large and long structure","5/31/22","","https://www.nuforc.org/webreports/reports/167/S167702.html","109X2022.06.05.10.29.06"
"4/30/22 22:18","Lincoln","NH","USA","Changing","","Changing from diamond to square","5/31/22","Yes","https://www.nuforc.org/webreports/reports/167/S167604.html","110X2022.06.05.10.29.06"
"4/30/22 22:08","Sodus","NY","USA","Sphere","20 Minutes (?) Perhaps 30","4 spherical, all of different luminosity fasind/brightening. The brightest remained always while others drifted in and out of sight. Br","5/31/22","","https://www.nuforc.org/webreports/reports/167/S167697.html","111X2022.06.05.10.29.06"
"4/30/22 21:10","Moab","UT","USA","Circle","10 minutes","Saw circle shaped object with green and red lights flying fast at different altitudes","5/31/22","","https://www.nuforc.org/webreports/reports/167/S167834.html","112X2022.06.05.10.29.06"
"4/30/22 21:00","Binghamton","NY","USA","Sphere","5-10 minutes","Orange/reddish light, slightly pulsating in brightness (~4 sec intervals) moving from southeast to south. Occured 3 times.","5/31/22","Yes","https://www.nuforc.org/webreports/reports/167/S167755.html","113X2022.06.05.10.29.06"
"4/30/22 14:55","Fountain Valley","CA","USA","Egg","30 seconds","I saw two quick moving white egg shaped objects","5/31/22","","https://www.nuforc.org/webreports/reports/167/S167712.html","114X2022.06.05.10.29.06"
"4/30/22 05:50","Oneida","TN","USA","Circle","Watched and took pictures","Watched this thing for at least 20 minutes. It never moved","5/31/22","Yes","https://www.nuforc.org/webreports/reports/167/S167730.html","115X2022.06.05.10.29.06"
"4/30/22 05:35","Lafayette","LA","USA","Light","5:45am","Glowing big starts/ ufos","5/31/22","Yes","https://www.nuforc.org/webreports/reports/167/S167709.html","116X2022.06.05.10.29.06"
"4/30/22 05:33","Ephrata","PA","USA","Light","About 15 minutes","Noticed lights in sky, not plane or stars","5/31/22","Yes","https://www.nuforc.org/webreports/reports/167/S167710.html","117X2022.06.05.10.29.06"
"4/30/22 05:13","Campbell’s Bay","Quebec","Canada","Sphere","","Sphere shape stationary glowing object  ((NUFORC Note:  Conjunction of Venus and Jupiter.  PD))","5/31/22","Yes","https://www.nuforc.org/webreports/reports/167/S167739.html","118X2022.06.05.10.29.06"
"4/30/22 04:42","Jonesboro","AR","USA","","","MADAR Node 143","5/31/22","","https://www.nuforc.org/webreports/reports/167/S167816.html","119X2022.06.05.10.29.06"
"4/30/22 04:30","Elberta","","USA","Light","All morning","First spotted over water then 6 miles down the road and an hour later the same lights appear at my house  ((NUFORC Note: Two planets.))","5/31/22","Yes","https://www.nuforc.org/webreports/reports/167/S167696.html","120X2022.06.05.10.29.06"
"4/30/22 04:19","Ocotillo wells","CA","USA","Disk","15 min","The ufo came right before Jupiter and venus became visible","5/31/22","Yes","https://www.nuforc.org/webreports/reports/167/S167708.html","121X2022.06.05.10.29.06"
"4/30/22 02:06","Greensburg","PA","USA","Cylinder","10 mins","Intelligence analyst alien abduction event","5/31/22","","https://www.nuforc.org/webreports/reports/167/S167715.html","122X2022.06.05.10.29.06"
"4/30/22 00:08","Magherafelt","Ulster","Ireland","Light","2-4 minutes","Star like orb with huge aura travelling across visible skyline within 4 minutes","5/31/22","","https://www.nuforc.org/webreports/reports/167/S167682.html","123X2022.06.05.10.29.06"
"4/30/22 00:06","Knaresborough","North Yorkshire","United Kingdom","Light","Around 5 minutes","Very bright light with a haze around it.","5/31/22","Yes","https://www.nuforc.org/webreports/reports/167/S167740.html","124X2022.06.05.10.29.06"
"4/29/22 23:05","Bristol","","United Kingdom","Circle","10 seconds","Clear sky,both passed out of sight within seconds","5/31/22","","https://www.nuforc.org/webreports/reports/167/S167684.html","125X2022.06.05.10.29.06"
"4/29/22 22:30","Moses lake","WA","USA","Cigar","10seconds","Cigar shaped object spotted from Stratford at.","5/31/22","","https://www.nuforc.org/webreports/reports/167/S167690.html","126X2022.06.05.10.29.06"
"4/29/22 22:22","Pasco","WA","USA","Disk","30 seconds","Disc within a cloud blue hue","5/31/22","","https://www.nuforc.org/webreports/reports/167/S167720.html","127X2022.06.05.10.29.06"
"4/29/22 22:20","Terrace","BC","Canada","Cigar","About 5 minutes","Large, silent, illuminated cigar-shaped object passed slowly a over our heads, west to east","5/31/22","Yes","https://www.nuforc.org/webreports/reports/167/S167719.html","128X2022.06.05.10.29.06"
"4/29/22 22:15","Iowa City","IA","USA","Changing","5 minutes","4 white circular lights moving criss-cross in a counter-clockwise fashion slowly moving across the sky.","5/31/22","","https://www.nuforc.org/webreports/reports/167/S167716.html","129X2022.06.05.10.29.06"
"4/29/22 22:00","Alamogordo","NM","USA","Light","1 minute","Hovering Bright white light overhead then disappears","5/31/22","","https://www.nuforc.org/webreports/reports/167/S167698.html","130X2022.06.05.10.29.06"
"4/29/22 21:45","Okotoks","AB","Canada","Cylinder","45 seconds","Huge cylinder silently crosses the sky.","5/31/22","Yes","https://www.nuforc.org/webreports/reports/167/S167713.html","131X2022.06.05.10.29.06"
"4/29/22 19:35","Dallas","TX","USA","Formation","3 to 5 minutes","Bird-like glints of light move across the sky like a vortex in broad daylight.","5/31/22","","https://www.nuforc.org/webreports/reports/167/S167722.html","132X2022.06.05.10.29.06"
"4/29/22 09:50","St. Louis","MO","USA","","","MADAR Node 70","5/31/22","","https://www.nuforc.org/webreports/reports/167/S167822.html","133X2022.06.05.10.29.06"
"4/29/22 08:02","Vienna","VA","USA","Circle","About 2 miners","Circle shaped object that rotates at a high altitude","5/31/22","Yes","https://www.nuforc.org/webreports/reports/167/S167681.html","134X2022.06.05.10.29.06"
"4/28/22 23:58","LONG BEACH","CA","USA","Circle","I few hours","Was on the balcony smoking I have videos","5/31/22","","https://www.nuforc.org/webreports/reports/167/S167714.html","135X2022.06.05.10.29.06"
"4/28/22 21:12","Holland","MI","USA","Other","N/a","I had video going in the background and have been feeling strange I have original video photos etc","5/31/22","Yes","https://www.nuforc.org/webreports/reports/167/S167679.html","136X2022.06.05.10.29.06"
"4/28/22 21:04","Grand Junction","CO","USA","","","MADAR Node 75","5/31/22","","https://www.nuforc.org/webreports/reports/167/S167821.html","137X2022.06.05.10.29.06"
"4/28/22 13:03","Oaklandon","IN","USA","","","MADAR Node 87","5/31/22","","https://www.nuforc.org/webreports/reports/167/S167820.html","138X2022.06.05.10.29.06"
"4/28/22 10:07","Loyalton","PA","USA","Unknown","4 mins?","Big object gliding lighting up in the sky, caught my eye!","5/31/22","","https://www.nuforc.org/webreports/reports/167/S167678.html","139X2022.06.05.10.29.06"
"4/28/22 06:00","Columbus","GA","USA","Light","10 min","Amber lights hovering","5/31/22","","https://www.nuforc.org/webreports/reports/167/S167805.html","140X2022.06.05.10.29.06"
"4/27/22 22:35","Humble","TX","USA","","Few minutes 3 or more","Looked up and seen them flying over not fast but semi fast then zoomed away out of sight quickly","5/31/22","Yes","https://www.nuforc.org/webreports/reports/167/S167748.html","141X2022.06.05.10.29.06"
"4/27/22 22:15","Spring hill","FL","USA","Triangle","Hour","Couldn't get camera to adjust craft to far up in sky","5/31/22","","https://www.nuforc.org/webreports/reports/167/S167643.html","142X2022.06.05.10.29.06"
"4/27/22 22:00","Hibbing","MN","USA","Chevron","7-10 seconds","A large V shaped object flew overhead.","5/31/22","","https://www.nuforc.org/webreports/reports/167/S167640.html","143X2022.06.05.10.29.06"
"4/27/22 20:15","The Villages","FL","USA","Chevron","10 minutes","Thought it was a plane at first but it was stationary for 10 minutes. Moved within seconds after I took photo and before I could get 2","5/31/22","Yes","https://www.nuforc.org/webreports/reports/167/S167766.html","144X2022.06.05.10.29.06"
"4/27/22 18:45","Moore","OK","USA","Cigar","5 minutes","Slow moving cigar shaped object","5/31/22","","https://www.nuforc.org/webreports/reports/167/S167641.html","145X2022.06.05.10.29.06"
"4/27/22 06:45","Oldsmar","FL","USA","Rectangle","3-5 seconds","Rectangle which split into two dots while moving","5/31/22","","https://www.nuforc.org/webreports/reports/167/S167648.html","146X2022.06.05.10.29.06"
"4/27/22 03:30","Milton","FL","USA","Triangle","30 sec","Triangular shape craft with 3 quite large white lights at each point","5/31/22","","https://www.nuforc.org/webreports/reports/167/S167874.html","147X2022.06.05.10.29.06"
"4/26/22 23:30","Between Orangeburg and Santee","SC","USA","Oval","5 minutes","White lights in that appeared to be oval in fashion was hovering approximately 500 feet from the ground. Turned to a 45 degree angle an","5/31/22","","https://www.nuforc.org/webreports/reports/167/S167695.html","148X2022.06.05.10.29.06"
"4/26/22 22:36","Loveland","CO","USA","Changing","30 to 45 seconds","Translucent Shapeshifting craft moving at impossible speeds","5/31/22","Yes","https://www.nuforc.org/webreports/reports/167/S167621.html","149X2022.06.05.10.29.06"
"4/26/22 21:50","Madhubani","Bihar","India","Light","2 minutes","Red lighted object with strange movements","5/31/22","Yes","https://www.nuforc.org/webreports/reports/167/S167649.html","150X2022.06.05.10.29.06"
"4/26/22 21:38","Lewisburg","OH","USA","Sphere","1 minute","I was driving and I saw three sphere like objects moving in strange patterns I'm the sky.","5/31/22","","https://www.nuforc.org/webreports/reports/167/S167651.html","151X2022.06.05.10.29.06"
"4/26/22 21:00","Seattle","WA","USA","Light","5 min","Flashing light zipping around sky","5/31/22","","https://www.nuforc.org/webreports/reports/167/S167647.html","152X2022.06.05.10.29.06"
"4/26/22 19:50","Richland","WA","USA","Other","2-3 seconds","My 5-year-old and I saw a bright spiky object in sky, which dropped/disappeared quickly in a couple seconds.","5/31/22","","https://www.nuforc.org/webreports/reports/167/S167645.html","153X2022.06.05.10.29.06"
"4/26/22 13:31","Littlerock","CA","USA","","","MADAR Node 56","5/31/22","","https://www.nuforc.org/webreports/reports/167/S167824.html","154X2022.06.05.10.29.06"
"4/26/22 03:33","Portland","OR","USA","","","MADAR Node 66","5/31/22","","https://www.nuforc.org/webreports/reports/167/S167823.html","155X2022.06.05.10.29.06"
"4/26/22 00:06","Millington","TN","USA","Light","Approximately 10 minutes","I saw a flash of light in the night sky that blinked on for approximately 1 sec and off for 3 it had a vary high Altitude and moved","5/31/22","","https://www.nuforc.org/webreports/reports/167/S167622.html","156X2022.06.05.10.29.06"
"4/25/22 13:27","Payson","IL","USA","","","MADAR Node 97","5/31/22","","https://www.nuforc.org/webreports/reports/167/S167819.html","157X2022.06.05.10.29.06"
"4/25/22 08:04","Norris City","IL","USA","","","MADAR Node 115","5/31/22","","https://www.nuforc.org/webreports/reports/167/S167817.html","158X2022.06.05.10.29.06"
"4/25/22 06:24","Pompano Beach","FL","USA","Light","one picture","I don't know what it is might not be a ufo","5/31/22","Yes","https://www.nuforc.org/webreports/reports/167/S167625.html","159X2022.06.05.10.29.06"
"4/25/22 04:30","Moundridge","KS","USA","Oval","4 seconds","while outside at 430 am, at 38°12'9""N 97°31'7""W (38.202497, -97.518506), looking westward and up","5/31/22","","https://www.nuforc.org/webreports/reports/167/S167591.html","160X2022.06.05.10.29.06"
"4/25/22 04:23","Duluth MN","MN","USA","Sphere","unsure","Caught a weird sphere on my blink camera. Uncertain of what it is.","5/31/22","Yes","https://www.nuforc.org/webreports/reports/167/S167683.html","161X2022.06.05.10.29.06"
"4/24/22 22:20","Wooster","OH","USA","Formation","About an hour","Three small starlike objects in a perfect triangle, each one higher than the other and moving strangely - definitely not satellite","5/31/22","","https://www.nuforc.org/webreports/reports/167/S167593.html","162X2022.06.05.10.29.06"
"4/24/22 21:37","Boise","ID","USA","Rectangle","60 seconds each","3 very bright red/orange orbs with grey halos. Square metallic in center. Each flew 10 minutes apart. Hovered then high rate of speed.","5/31/22","Yes","https://www.nuforc.org/webreports/reports/167/S167642.html","163X2022.06.05.10.29.06"
"4/24/22 20:20","Mooresville, Charlotte","NC","USA","Circle","8.20 - 8.45+ PM","Spotted while waiting to photograph Starlink Satellites","5/31/22","Yes","https://www.nuforc.org/webreports/reports/167/S167586.html","164X2022.06.05.10.29.06"
"4/24/22 20:00","Santa Barbara","CA","USA","Light","10 s","another very bright flasher","5/31/22","","https://www.nuforc.org/webreports/reports/167/S167623.html","165X2022.06.05.10.29.06"
"4/24/22 10:31","Dothan","AL","USA","","","MADAR Node 195","5/31/22","","https://www.nuforc.org/webreports/reports/167/S167814.html","166X2022.06.05.10.29.06"
"4/24/22 10:15","St Augustine","FL","USA","Cylinder","Just seconds","3 cylinder craft seen in bright sunshine day","5/31/22","","https://www.nuforc.org/webreports/reports/167/S167595.html","167X2022.06.05.10.29.06"
"4/24/22 08:17","Portage","IN","USA","","","MADAR Node 178","5/31/22","","https://www.nuforc.org/webreports/reports/167/S167815.html","168X2022.06.05.10.29.06"
"4/24/22 08:08","Furlong","PA","USA","","","MADAR Node 38","5/31/22","","https://www.nuforc.org/webreports/reports/167/S167825.html","169X2022.06.05.10.29.06"
"4/24/22 03:47","Mountlake Terrace","WA","USA","","","MADAR Node 100","5/31/22","","https://www.nuforc.org/webreports/reports/167/S167818.html","170X2022.06.05.10.29.06"
"4/23/22 22:40","Denver","CO","USA","Circle","10:39-10:40","Medium sized reflective neon/medium green circle.","5/31/22","","https://www.nuforc.org/webreports/reports/167/S167600.html","171X2022.06.05.10.29.06"
"4/23/22 22:00","Streetsboro","OH","USA","Triangle","10 to 15 seconds","I saw a large white triangular craft in orbit moving north to south","5/31/22","Yes","https://www.nuforc.org/webreports/reports/167/S167732.html","172X2022.06.05.10.29.06"
"4/23/22 21:45","appleton","WI","USA","Triangle","1 minute","while driving i saw a very low craft with three white lights move strangely just above the trees","5/31/22","","https://www.nuforc.org/webreports/reports/167/S167602.html","173X2022.06.05.10.29.06"
"4/23/22 21:40","Casa Grande","AZ","USA","Light","4 seconds","Bright light appeared quickly, dips downward then curved up before suddenly vanishing.","5/31/22","","https://www.nuforc.org/webreports/reports/167/S167601.html","174X2022.06.05.10.29.06"
"4/23/22 21:33","Colorado Springs","CO","USA","Changing","Watched it apprx. 5 mins","Was looking at stars and one seemed to burst into flames, then suddenly went back to looking like a star.","5/31/22","","https://www.nuforc.org/webreports/reports/167/S167597.html","175X2022.06.05.10.29.06"
"4/23/22 21:00","San Diego","CA","USA","Light","30 minutes to an hour","Looked west from our doorstep at 9pm and saw a large shimmering lights. The colors were almost sparkling whites, reds, blues.","5/31/22","Yes","https://www.nuforc.org/webreports/reports/167/S167598.html","176X2022.06.05.10.29.06"
"4/23/22 20:50","Green isle","MN","USA","Sphere","2 minutes","Just right outside of green isle there was a orb floating in the sky","5/31/22","Yes","https://www.nuforc.org/webreports/reports/167/S167603.html","177X2022.06.05.10.29.06"
"4/23/22 18:46","Payson","IL","USA","","","MADAR Node 97","5/31/22","","https://www.nuforc.org/webreports/reports/167/S167658.html","178X2022.06.05.10.29.06"
"4/23/22 18:00","","FL","USA","Circle","5","Witnessed a high speed object pass by our south west airlines flight bwi to west palm beach airport","5/31/22","","https://www.nuforc.org/webreports/reports/167/S167676.html","179X2022.06.05.10.29.06"
"4/23/22 17:03","Bangalore","Karnataka","India","Unknown","less than 1 second","A small, dark object flew quickly across the sky in daylight.","5/31/22","Yes","https://www.nuforc.org/webreports/reports/167/S167596.html","180X2022.06.05.10.29.06"
"4/23/22 15:10","Camarillo","CA","USA","Changing","4 minutes","Ghost like shape shifting white semi-transparent flying object.","5/31/22","","https://www.nuforc.org/webreports/reports/167/S167677.html","181X2022.06.05.10.29.06"
"4/22/22 23:45","Coventry","CT","USA","Other","1-2 seconds","Not sure what it was,","5/31/22","","https://www.nuforc.org/webreports/reports/167/S167605.html","182X2022.06.05.10.29.06"
"4/22/22 22:50","Lyman","ME","USA","Changing","3 minutes","Never seen anything like it","5/31/22","Yes","https://www.nuforc.org/webreports/reports/167/S167618.html","183X2022.06.05.10.29.06"
"4/22/22 21:44","(S. of) Bradford VT. -- milepost 93.0 on I-91","VT","USA","Triangle","20 secs.","mostly blue lights (and some white), organized in a triangle shape","5/31/22","","https://www.nuforc.org/webreports/reports/167/S167611.html","184X2022.06.05.10.29.06"
"4/22/22 21:24","Fremont","CA","USA","Delta","1-2 minutes in total","saw some strange bright orange objects on my evening walk","5/31/22","Yes","https://www.nuforc.org/webreports/reports/167/S167616.html","185X2022.06.05.10.29.06"
"4/22/22 21:23","Fremont","CA","USA","Fireball","1 to 2 minutes/maybe 5","Fireball with an x through it.","5/31/22","Yes","https://www.nuforc.org/webreports/reports/167/S167613.html","186X2022.06.05.10.29.06"
"4/22/22 20:42","Saint James","MO","USA","Changing","5 minutes","watched bright orange light fly straight up into the sky, then changed into ""plane"" Have video","5/31/22","","https://www.nuforc.org/webreports/reports/167/S167610.html","187X2022.06.05.10.29.06"
"4/21/22 22:18","Las lomas","CA","USA","Light","Under 5 sec","Ufo light teleported through sky","5/31/22","","https://www.nuforc.org/webreports/reports/167/S167606.html","188X2022.06.05.10.29.06"
"4/21/22 21:52","Gaithersburg","MD","USA","Cylinder","about 10 minutes","Possible UFO sighting.","5/31/22","Yes","https://www.nuforc.org/webreports/reports/167/S167612.html","189X2022.06.05.10.29.06"
"4/21/22 21:45","Rochester","NY","USA","Cigar","It’s lasted 20 seconds","I was fishing late night & stopped this Bart slow moving object!","5/31/22","","https://www.nuforc.org/webreports/reports/167/S167644.html","190X2022.06.05.10.29.06"
"4/21/22 21:15","Madeira","OH","USA","Light","About one minute","In my back yard I was when I seen this enormous light","5/31/22","","https://www.nuforc.org/webreports/reports/167/S167706.html","191X2022.06.05.10.29.06"
"4/21/22 20:35","Kihei","HI","USA","Disk","10 tp 15 minutes","A orange diamond shape caught my eye and I pulled over to film, I then noticed it changed to disk shape. Another on opposite side of hw","5/31/22","","https://www.nuforc.org/webreports/reports/167/S167718.html","192X2022.06.05.10.29.06"
"4/21/22 17:55","Royal Palm Beach","FL","USA","","","MADAR Node 76","5/31/22","","https://www.nuforc.org/webreports/reports/167/S167659.html","193X2022.06.05.10.29.06"
"4/20/22 22:21","Riverdale","MD","USA","Other","10-15s","Low flying, single, non-rotary craft with 3-4 distinct solid red lights","5/31/22","Yes","https://www.nuforc.org/webreports/reports/167/S167700.html","194X2022.06.05.10.29.06"
"4/20/22 16:00","Market Harborough","Leicestershire","United Kingdom","Cylinder","4-5 minutes","Cylindrical TicTac object at distance.Its size must have been very large, very bright white, so much so & stood out against the cloud","5/31/22","","https://www.nuforc.org/webreports/reports/167/S167742.html","195X2022.06.05.10.29.06"
"4/20/22 11:38","Independence","MO","USA","","","MADAR Node 45","5/31/22","","https://www.nuforc.org/webreports/reports/167/S167661.html","196X2022.06.05.10.29.06"
"4/20/22 00:45","Brooklyn","NY","USA","Changing","Approximately 30 minutes","Orb that changed shape shot up into the sky after hovering","5/31/22","Yes","https://www.nuforc.org/webreports/reports/167/S167851.html","197X2022.06.05.10.29.06"
"4/19/22 22:00","Bishopville","SC","USA","Triangle","2.5 minutes","triangular shaped craft moving sw","5/31/22","","https://www.nuforc.org/webreports/reports/167/S167588.html","198X2022.06.05.10.29.06"
"4/19/22 19:08","Jonesboro","AR","USA","","","MADAR Node 143","5/31/22","","https://www.nuforc.org/webreports/reports/167/S167655.html","199X2022.06.05.10.29.06"
"4/19/22 05:48","Eads","TN","USA","","","MADAR Node 32","5/31/22","","https://www.nuforc.org/webreports/reports/167/S167662.html","200X2022.06.05.10.29.06"
"4/19/22 03:55","Edmonds","WA","USA","","","MADAR Node 61","5/31/22","","https://www.nuforc.org/webreports/reports/167/S167660.html","201X2022.06.05.10.29.06"
"4/18/22 18:01","Jonesboro","AR","USA","","","MADAR Node 143","5/31/22","","https://www.nuforc.org/webreports/reports/167/S167656.html","202X2022.06.05.10.29.06"
"4/17/22 19:25","Indianapolis","IN","USA","","","MADAR Node 21","5/31/22","","https://www.nuforc.org/webreports/reports/167/S167663.html","203X2022.06.05.10.29.06"
"4/17/22 12:08","Springdale","UT","USA","Disk","","Nothing seen at the time, rather when we got home to look at pics from the trip. Submitted are 2 pics taken at the same time","5/31/22","Yes","https://www.nuforc.org/webreports/reports/167/S167599.html","204X2022.06.05.10.29.06"
"4/17/22 06:22","Helena","MT","USA","","","MADAR Node 128","5/31/22","","https://www.nuforc.org/webreports/reports/167/S167657.html","205X2022.06.05.10.29.06"
"4/16/22 21:00","Bushkill","PA","USA","Chevron","5 min","From a bright glowing light to blue and white lights just still in the sky.","5/31/22","","https://www.nuforc.org/webreports/reports/167/S167624.html","206X2022.06.05.10.29.06"
"4/14/22 12:09","Teaneck","NJ","USA","","","MADAR Node 28","5/31/22","","https://www.nuforc.org/webreports/reports/167/S167673.html","207X2022.06.05.10.29.06"
"4/12/22 16:45","Portage","IN","USA","","","MADAR Node 178","5/31/22","","https://www.nuforc.org/webreports/reports/167/S167664.html","208X2022.06.05.10.29.06"
"4/12/22 14:15","Allentown","PA","USA","Cylinder","About 10-15 seconds","Silvery opaque cylindrical shape with no wings, gliding slowly and silently across a perfectly blue sky.","5/31/22","","https://www.nuforc.org/webreports/reports/167/S167608.html","209X2022.06.05.10.29.06"
"4/12/22 10:21","Royal Palm Beach","FL","USA","","","MADAR Node 76","5/31/22","","https://www.nuforc.org/webreports/reports/167/S167669.html","210X2022.06.05.10.29.06"
"4/12/22 06:51","Watsonville","CA","USA","","","MADAR Node 105","5/31/22","","https://www.nuforc.org/webreports/reports/167/S167666.html","211X2022.06.05.10.29.06"
"4/12/22 06:14","West Chazy","NY","USA","","","MADAR Node 65","5/31/22","","https://www.nuforc.org/webreports/reports/167/S167670.html","212X2022.06.05.10.29.06"
"4/11/22 17:23","Irmo","SC","USA","","","MADAR Node 95","5/31/22","","https://www.nuforc.org/webreports/reports/167/S167667.html","213X2022.06.05.10.29.06"
"4/11/22 01:42","Mobile","AL","USA","","","MADAR Node 63","5/31/22","","https://www.nuforc.org/webreports/reports/167/S167671.html","214X2022.06.05.10.29.06"
"4/10/22 17:57","Buffalo","NY","USA","","","MADAR Node 163","5/31/22","","https://www.nuforc.org/webreports/reports/167/S167665.html","215X2022.06.05.10.29.06"
"4/10/22 02:00","West Palm Beach","FL","USA","Cylinder","sev seconds","A white tic-tac-shaped object was observed by witnesses to be speeding past an aircraft, spotted against the blue sky background. The o","5/31/22","","https://www.nuforc.org/webreports/reports/167/S167629.html","216X2022.06.05.10.29.06"
"4/10/22 02:00","Royal Palm Beach","FL","USA","","","MADAR Node 76 (12 mi west of WPB)","5/31/22","","https://www.nuforc.org/webreports/reports/167/S167628.html","217X2022.06.05.10.29.06"
"4/9/22 22:02","Sanford","FL","USA","","","MADAR Node 91","5/31/22","","https://www.nuforc.org/webreports/reports/167/S167668.html","218X2022.06.05.10.29.06"
"4/9/22 17:40","Los Altos","CA","USA","","","MADAR Node 52","5/31/22","","https://www.nuforc.org/webreports/reports/167/S167672.html","219X2022.06.05.10.29.06"
"4/8/22 05:39","Jonesboro","AR","USA","","","MADAR Node 143","5/31/22","","https://www.nuforc.org/webreports/reports/167/S167634.html","220X2022.06.05.10.29.06"
"4/7/22 06:53","Indianapolis","IN","USA","","","MADAR Node 21","5/31/22","","https://www.nuforc.org/webreports/reports/167/S167636.html","221X2022.06.05.10.29.06"
"4/7/22 06:34","Pine City","NY","USA","","","MADAR Node 82","5/31/22","","https://www.nuforc.org/webreports/reports/167/S167635.html","222X2022.06.05.10.29.06"
"4/6/22 09:16","Manchester","CT","USA","","","MADAR Node 151","5/31/22","","https://www.nuforc.org/webreports/reports/167/S167633.html","223X2022.06.05.10.29.06"
"4/6/22 05:00","Williamsto","KY","USA","Other","Until the sun came up","My friend lives in the country part of Williamstown and one morning she was walking her dog around 5:00 a.m. and she saw this light in","5/31/22","Yes","https://www.nuforc.org/webreports/reports/167/S167639.html","224X2022.06.05.10.29.06"
"4/5/22 18:00","Buffalo","NY","USA","","","MADAR Node 163","5/31/22","","https://www.nuforc.org/webreports/reports/167/S167631.html","225X2022.06.05.10.29.06"
"4/5/22 16:02","Indianapolis","IN","USA","","","MADAR Node 21","5/31/22","","https://www.nuforc.org/webreports/reports/167/S167637.html","226X2022.06.05.10.29.06"
"4/5/22 06:47","Woodbine","GA","USA","","","MADAR Node 154","5/31/22","","https://www.nuforc.org/webreports/reports/167/S167632.html","227X2022.06.05.10.29.06"
"4/4/22 06:10","Furlong","PA","USA","","","MADAR Node 38","5/31/22","","https://www.nuforc.org/webreports/reports/167/S167826.html","228X2022.06.05.10.29.06"
"4/2/22 21:15","Weirton","VA","USA","","","MADAR Node 192","5/31/22","","https://www.nuforc.org/webreports/reports/167/S167630.html","229X2022.06.05.10.29.06"
"4/2/22 21:00","Johannesburg","Gauteng","South Africa","Delta","15 seconds","Silent Black delta with approximately 9 lights","5/31/22","","https://www.nuforc.org/webreports/reports/167/S167756.html","230X2022.06.05.10.29.06"
"3/27/22 15:41","Irvine","CA","USA","Disk","5-7 minutes","Spotted black dot in the sky hovering in same spot","5/31/22","Yes","https://www.nuforc.org/webreports/reports/167/S167615.html","231X2022.06.05.10.29.06"
"3/23/22 21:00","Burns","OR","USA","Cigar","one minute?","I was taking pictures and was puzzled by this brown cigar when I looked at them later.","5/31/22","Yes","https://www.nuforc.org/webreports/reports/167/S167871.html","232X2022.06.05.10.29.06"
"3/10/22 01:50","Melbourne","Victoria","Australia","Sphere","20 seconds","Matte Silver sphere","5/31/22","","https://www.nuforc.org/webreports/reports/167/S167733.html","233X2022.06.05.10.29.06"
"3/9/22 18:38","Manchester","CT","USA","","","MADAR Node 151","5/31/22","","https://www.nuforc.org/webreports/reports/167/S167652.html","234X2022.06.05.10.29.06"
"3/9/22 06:10","Boulder Valley","MT","USA","Oval","180 seconds","Very unusual light appeared above mountain ridge, stabilized then continued slowly up and out of camera view","5/31/22","Yes","https://www.nuforc.org/webreports/reports/167/S167711.html","235X2022.06.05.10.29.06"
"3/1/22 20:30","Alameda","CA","USA","Light","Every night to date","Every night I see a large orange ball of light with 2 to 3 smaller blue balls of light.","5/31/22","","https://www.nuforc.org/webreports/reports/167/S167680.html","236X2022.06.05.10.29.06"
"3/1/22 17:00","Huntsville","AL","USA","","30 min.","They were silent, my friend made a video of them.","5/31/22","","https://www.nuforc.org/webreports/reports/167/S167794.html","237X2022.06.05.10.29.06"
"2/11/22 21:39","Littleton","MA","USA","Cylinder","~6 second video attached","A bright orb which transforms into a cylinder emerges from the ground with a ""puff"" of snow as it emerges. video avsailable","5/31/22","","https://www.nuforc.org/webreports/reports/167/S167843.html","238X2022.06.05.10.29.06"
"1/4/22 02:06","Burney","CA","USA","Rectangle","30 seconds","I saw something hovering over my house and something with a bright light","5/31/22","Yes","https://www.nuforc.org/webreports/reports/167/S167827.html","239X2022.06.05.10.29.06"
"12/16/21 11:33","Ventura","IA","USA","","Over 10 minutes","Small dot that turned into squiggly circles","5/31/22","","https://www.nuforc.org/webreports/reports/167/S167735.html","240X2022.06.05.10.29.06"
"12/12/21 08:18","Buffalo","MN","USA","Sphere","10 mins","Recorded 2 orb like craft emulating different colors of like interacting with each other with impossible flight movements","5/31/22","","https://www.nuforc.org/webreports/reports/167/S167589.html","241X2022.06.05.10.29.06"
"11/24/21 18:57","MIDWAY ATOLL","","United States Minor Outlying Islands","Fireball","I FILMED IT FOR 2:39","We were sitting outside at Midway Atoll in the middle of the Pacific Ocean when someone shout out , look there is a plane.","5/31/22","","https://www.nuforc.org/webreports/reports/167/S167609.html","242X2022.06.05.10.29.06"
"11/23/21 11:07","Miami Gardens","FL","USA","Light","5 days","We have eight images of UFO that we saw in the backyard","5/31/22","Yes","https://www.nuforc.org/webreports/reports/167/S167627.html","243X2022.06.05.10.29.06"
"10/22/21 22:54","Rossburg","OH","USA","Light","My best guess 30 minutes","Driving brilliant light ball form came down in a controlled manner in front of vehicle this sounds crazy I know!","5/31/22","","https://www.nuforc.org/webreports/reports/167/S167737.html","244X2022.06.05.10.29.06"
"10/3/21 13:28","South Amboy","NJ","USA","Other","10 minutes","Floating or Hovering Being","5/31/22","","https://www.nuforc.org/webreports/reports/167/S167626.html","245X2022.06.05.10.29.06"
"10/1/21 09:40","Albuquerque","NM","USA","Other","Its oniy 2 video frames","Space craft caught on film","5/31/22","Yes","https://www.nuforc.org/webreports/reports/167/S167783.html","246X2022.06.05.10.29.06"
"9/5/21 21:00","Tralee","County Kerry","Ireland","Light","Few minutes but lost time","Abduction of my grandmother and great aunt","5/31/22","","https://www.nuforc.org/webreports/reports/167/S167587.html","247X2022.06.05.10.29.06"
"9/4/21 19:20","grandview","MO","USA","Other","at least 15 minutes.","it was the 2 gray holes in the sky not clouds cause there was not a cloud in the sky.","5/31/22","","https://www.nuforc.org/webreports/reports/167/S167620.html","248X2022.06.05.10.29.06"
"8/28/21 19:00","Arlington","MA","USA","Other","5 minutes","Object that looked like an upside down key flying across sky","5/31/22","","https://www.nuforc.org/webreports/reports/167/S167779.html","249X2022.06.05.10.29.06"
"8/28/21 17:47","Rome","GA","USA","Sphere","20 seconds","Odd object moving with no sound","5/31/22","Yes","https://www.nuforc.org/webreports/reports/167/S167717.html","250X2022.06.05.10.29.06"
"8/22/21 19:42","Laramie","WY","USA","Cigar","10 min","It looked like a window and door less propane tank in the sky","5/31/22","","https://www.nuforc.org/webreports/reports/167/S167774.html","251X2022.06.05.10.29.06"
"8/20/21 02:00","Union","IL","USA","Rectangle","not sure-woke/ heard/saw","Beings on our property nightly coming over our house. Have proof.","5/31/22","","https://www.nuforc.org/webreports/reports/167/S167594.html","252X2022.06.05.10.29.06"
"7/11/21 13:48","Corbett","OR","USA","Light","Picture taken phone","Tic tac white round spots in sky over Crown Point from a picture taken from phone while driving","5/31/22","Yes","https://www.nuforc.org/webreports/reports/167/S167837.html","253X2022.06.05.10.29.06"
"7/10/21 00:59","Oklahoma city","OK","USA","Other","5 to 10 seconds","It flew right in front of me and disappeared","5/31/22","","https://www.nuforc.org/webreports/reports/167/S167699.html","254X2022.06.05.10.29.06"
"6/4/21 19:40","Brooklyn","NY","USA","Disk","3 minutes","Direct Contact: Stared at each other for three minutes before it took off","5/31/22","Yes","https://www.nuforc.org/webreports/reports/167/S167721.html","255X2022.06.05.10.29.06"
"10/29/20 09:00","San Antonio","","USA","Triangle","5 minutes","I saw 3 lights about 200ft or so in the sky in front of/above me.","5/31/22","","https://www.nuforc.org/webreports/reports/167/S167689.html","256X2022.06.05.10.29.06"
"8/19/20 23:45","Kenner","LA","USA","Triangle","5-7 minutes","Bright light in the sky was fall extremely fast and came to a dead stop. The UFO came towards the I-10 slowly and turned on “headlights","5/31/22","","https://www.nuforc.org/webreports/reports/167/S167693.html","257X2022.06.05.10.29.06"
"8/6/20 15:05","","","","Cylinder","dont know short time","Cylinder shaped rotating horizonatally","5/31/22","Yes","https://www.nuforc.org/webreports/reports/167/S167590.html","258X2022.06.05.10.29.06"
"5/15/20 18:10","Longs","SC","USA","Light","2-3 minutes","Started as 1 light split off into 5, circled around each other, went back to 1 light and disappeared.","5/31/22","","https://www.nuforc.org/webreports/reports/167/S167646.html","259X2022.06.05.10.29.06"
"5/12/20 01:30","Kennesaw","GA","USA","Egg","1 minute","White egg/Tic Tac","5/31/22","","https://www.nuforc.org/webreports/reports/167/S167674.html","260X2022.06.05.10.29.06"
"9/12/19 20:00","Saugerties","NY","USA","","","Entity’s visible on pics taken","5/31/22","","https://www.nuforc.org/webreports/reports/167/S167793.html","261X2022.06.05.10.29.06"
"1/11/19 22:22","Dover","DE","USA","Cylinder","It was around 10 seconds","It was around 12 PM me and my friends saw a orange cylinder spacecraft goes extremely fast in the sky","5/31/22","","https://www.nuforc.org/webreports/reports/167/S167785.html","262X2022.06.05.10.29.06"
"11/5/18 18:05","Kamloops","BC","Canada","Oval","4 minutes","Saw 3 gold balls with a light on top corner","5/31/22","Yes","https://www.nuforc.org/webreports/reports/167/S167619.html","263X2022.06.05.10.29.06"
"4/19/18 16:00","Moore","OK","USA","Disk","5 minutes","Disk U.F.O.","5/31/22","","https://www.nuforc.org/webreports/reports/167/S167614.html","264X2022.06.05.10.29.06"
"4/19/18 04:00","Moore","OK","USA","Disk","5 minutes","U.F.O.","5/31/22","","https://www.nuforc.org/webreports/reports/167/S167617.html","265X2022.06.05.10.29.06"
"10/31/15 21:00","Columbia","TN","USA","Formation","10-15 minutes","My daughter and I were paced by a formation of craft for about ten miles.","5/31/22","Yes","https://www.nuforc.org/webreports/reports/167/S167770.html","266X2022.06.05.10.29.06"
"7/11/14 02:30","Camo lemonnier","Djibouti","Djibouti","Other","30 minutes","Deployment saw on airfield.  ((NUFORC Note:  Report fom former U. S. military.  PD))","5/31/22","Yes","https://www.nuforc.org/webreports/reports/167/S167841.html","267X2022.06.05.10.29.06"
"6/12/14 23:59","Dallas","TX","USA","Disk","Ongoing","Physics Defying, Red/Green Glowing UAP. Disk shape, interaction with ethereals.","5/31/22","","https://www.nuforc.org/webreports/reports/167/S167694.html","268X2022.06.05.10.29.06"
"8/3/12 01:33","Eaton Rapids","MI","USA","Triangle","1-2 minutes","Enormous silent relatively low flying V shaped air craft flew over my home.","5/31/22","","https://www.nuforc.org/webreports/reports/167/S167786.html","269X2022.06.05.10.29.06"
"3/31/10 02:00","","","","Sphere","Circa 20 seconds","2010, on a flight from Dom Rep to Glasgow 2am. Orange globe moves length of plane.","5/31/22","","https://www.nuforc.org/webreports/reports/167/S167799.html","270X2022.06.05.10.29.06"
"12/13/03 01:15","Avon","CO","USA","Triangle","30 seconds","Height of a helicopter, black, no noise, 5 lights from tip to each side end","5/31/22","","https://www.nuforc.org/webreports/reports/167/S167736.html","271X2022.06.05.10.29.06"
"5/3/02 20:45","Florence","AZ","USA","Triangle","1-2 mins","Poston Butte area Florence AZ.","5/31/22","","https://www.nuforc.org/webreports/reports/167/S167777.html","272X2022.06.05.10.29.06"
"10/1/01 04:22","Dublin","County Dublin","Ireland","Other","2 minutes","encounter","5/31/22","","https://www.nuforc.org/webreports/reports/167/S167812.html","273X2022.06.05.10.29.06"
"6/15/00 15:00","Omaha","NE","USA","Other","3 to 5 minutes","Odd red cloud in clear sky, several small object came out of it moved around in the sky and then went back into the cloud and it faded","5/31/22","","https://www.nuforc.org/webreports/reports/167/S167806.html","274X2022.06.05.10.29.06"
"7/26/98 18:25","Portland","OR","USA","Cylinder","30 seconds","See picture","5/31/22","Yes","https://www.nuforc.org/webreports/reports/167/S167758.html","275X2022.06.05.10.29.06"
"6/7/97 07:30","Mountain Home","ID","USA","","~ 10 min.","MHAFB Approach Controller sighted ufo followed me for approx 20 miles then fell off radar.","5/31/22","","https://www.nuforc.org/webreports/reports/167/S167638.html","276X2022.06.05.10.29.06"
"10/31/95 23:30","Westport","CT","USA","Circle","Approximately 1 minute","Silent, very slow moving, pulsing red lights under perimeter, passed directly overhead, making 90 degree change of direction, S to W.","5/31/22","","https://www.nuforc.org/webreports/reports/167/S167724.html","277X2022.06.05.10.29.06"
"2/18/93 02:30","Homer Glen","IL","USA","Disk","Don't remember","I know what my sister saw. She knows what I saw.","5/31/22","","https://www.nuforc.org/webreports/reports/167/S167650.html","278X2022.06.05.10.29.06"
"5/16/90 16:00","Maryland","","USA","Unknown","happening all my life","That was in egypt","5/31/22","Yes","https://www.nuforc.org/webreports/reports/167/S167727.html","279X2022.06.05.10.29.06"
"5/6/87 19:09","GLENROCK","WY","USA","Cigar","4 Minutes","Sighted on Friday 15. May 1987 Reported on Friday 15. May 1987","5/31/22","","https://www.nuforc.org/webreports/reports/167/S167607.html","280X2022.06.05.10.29.06"
"12/15/77 00:00","Lake Charles","LA","USA","Unknown","Unknown","Visited by UFO","5/31/22","","https://www.nuforc.org/webreports/reports/167/S167675.html","281X2022.06.05.10.29.06"
"6/9/76 20:45","Dighton","MA","USA","Oval","1-2 mins","Sparkling oval shape light","5/31/22","","https://www.nuforc.org/webreports/reports/167/S167654.html","282X2022.06.05.10.29.06"
"9/21/75 19:00","Newburyport","MA","USA","Cigar","25 to 40 minutes","Massive craft about the size of an aircraft carrier that was hovering and was silent and appeared to be rotating.","5/31/22","","https://www.nuforc.org/webreports/reports/167/S167653.html","283X2022.06.05.10.29.06"
"2/28/68 18:15","McKenzie Bridge","OR","USA","Disk","6 seconds","Very unusual disc shaped object observed through a telescope with 7 pinpoint lights rotating around it like the second hand of a clock.","5/31/22","Yes","https://www.nuforc.org/webreports/reports/167/S167592.html","284X2022.06.05.10.29.06"
